pmid,sample_mechanism,sample_bucket,predicted_evidence_level,title,year,journal,pub_types,mechanisms,abstract_excerpt,gold_evidence_level,gold_label_status,gold_notes
36405739,immunotherapy,predicted-tagged,preclinical-invivo,Oncolytic virus driven T-cell-based combination immunotherapy platform for colorectal cancer.,2022,Frontiers in immunology,"Journal Article | Research Support, Non-U.S. Gov't",bispecific-antibody | immunotherapy | oncolytic-virus,"colorectal cancer is the third most diagnosed cancer and the second leading cause of cancer mortality worldwide, highlighting an urgent need for new therapeutic options and combination strategies for patients. the orchestration of potent t cell responses against human cancers is necessary for effective antitumour immunity. however, regression of a limited number of cancers has been induced by immune checkpoint inhibitors, t cell engagers (tces) and/or oncolytic viruses. although one tce has been...",,pending,
36717184,immunotherapy,predicted-tagged,preclinical-invivo,Generation of novel oncolytic vaccinia virus with improved intravenous efficacy through protection against complement-mediated lysis and evasion of neutralization by vaccinia virus-specific antibodies.,2023,Journal for immunotherapy of cancer,"Journal Article | Research Support, Non-U.S. Gov't",immunotherapy | oncolytic-virus,"**background**: oncolytic virus immunotherapy has revolutionized cancer immunotherapy by efficiently inducing both oncolysis and systemic immune activation. locoregional administration has been used for oncolytic virus therapy, but its applications to deep-seated cancers have been limited. although systemic delivery of the oncolytic virus would maximize viral immunotherapy's potential, this remains a hurdle due to the rapid removal of the administered virus by the complement and innate immune sy...",,pending,
37433716,immunotherapy,predicted-tagged,preclinical-invivo,"Combination oncolytic virus, radiation therapy, and immune checkpoint inhibitor treatment in anti-PD-1-refractory cancer.",2023,Journal for immunotherapy of cancer,"Journal Article | Research Support, Non-U.S. Gov't",immunotherapy | oncolytic-virus,"**background**: immunotherapies are becoming front-line treatments for many advanced cancers, and combinations of two or more therapies are beginning to be investigated. based on their individual antitumor capabilities, we sought to determine whether combination oncolytic virus (ov) and radiation therapy (rt) may improve cancer outcomes. **methods**: to investigate the activity of this combination therapy, we used in vitro mouse and human cancer cell lines as well as a mouse model of skin cancer...",,pending,
38022659,immunotherapy,predicted-tagged,phase1-clinical,"A phase I oncolytic virus trial with vesicular stomatitis virus expressing human interferon beta and tyrosinase related protein 1 administered intratumorally and intravenously in uveal melanoma: safety, efficacy, and T cell responses.",2023,Frontiers in immunology,"Clinical Trial, Phase I | Journal Article | Research Support, Non-U.S. Gov't",immunotherapy | oncolytic-virus,"**introduction**: metastatic uveal melanoma (mum) has a poor prognosis and treatment options are limited. these patients do not typically experience durable responses to immune checkpoint inhibitors (icis). oncolytic viruses (ov) represent a novel approach to immunotherapy for patients with mum. **methods**: we developed an ov with a vesicular stomatitis virus (vsv) vector modified to express interferon-beta (ifn-β) and tyrosinase related protein 1 (tyrp1) (vsv-ifnβ-tyrp1), and conducted a phase...",,pending,
39679828,immunotherapy,predicted-tagged,preclinical-invitro,Activatable Sulfur Dioxide Nanosonosensitizer Enables Precisely Controllable Sono-Gaseous Checkpoint Trimodal Therapy for Orthotopic Hepatocellular Carcinoma.,2025,"Advanced science (Weinheim, Baden-Wurttemberg, Germany)",Journal Article,immunotherapy | nanoparticle | sonodynamic,"immune checkpoint blockade (icb) is combined with sonodynamic therapy (sdt) to increase response rates and enhance anticancer efficacy. however, the ""always on"" property of most sonosensitizers in reducing tumor microenvironment (tme) compromises the therapeutic outcome of sonoimmunotherapy and exacerbates adverse side effects. precisely controllable strategies combining sulfur dioxide (so2) gas therapy with cancer immunotherapy can address these issues but remain lacking. herein an ""activatable...",,pending,
40040833,immunotherapy,predicted-tagged,preclinical-invivo,A pH responsive nanocomposite for combination sonodynamic-immunotherapy with ferroptosis and calcium ion overload via SLC7A11/ACSL4/LPCAT3 pathway.,2025,"Exploration (Beijing, China)",Journal Article,immunotherapy | nanoparticle | sonodynamic,"sonodynamic therapy offers a non-invasive approach to induce the death of tumor cells. by harnessing ultrasound waves in tandem with sonosensitizers, this method produces reactive oxygen species (ros) that inflict oxidative damage upon tumor cells, subsequently causing their demise. ferroptosis is a regulatory form of cell death that differs from other forms, characterized by iron accumulation, ros accumulation, and lipid peroxidation. in the presented research, a nanoparticle formulation, parth...",,pending,
40069686,immunotherapy,predicted-tagged,preclinical-invitro,MXene-based nanosheet for enhanced glioma therapy via photonic hyperthermia to boost the abscopal effect of radioimmunotherapy.,2025,Journal of nanobiotechnology,Journal Article,immunotherapy,"radiotherapy (rt) effectiveness is limited by low dna damage in tumor cells, surrounding tissue harm, and tumor radioresistance with active dna repair. herein, we have engineered a two-dimensional nanomaterial consisting of mxene nanosheets at its core, coated with gold nanorods and a cisplatin shell, and further modified with polyvinyl alcohol, referred to as apmp. the apmp exploits its distinctive electronic properties and photothermal effects to augment radiosensitivity and impede dna damage ...",,pending,
40406146,immunotherapy,predicted-tagged,preclinical-invivo,"A conceptual exploration on the synergistic anti-tumor effects of high-order combination of OHSV2-DSTEFAP5/CD3, CAR-T cells, and immunotoxins in hepatocellular carcinoma.",2025,Frontiers in immunology,Journal Article,car-t | immunotherapy | oncolytic-virus,"**background**: although the treatment landscape for advanced hepatocellular carcinoma (hcc) has seen significant advancements in the past decade with the introduction of immune checkpoint inhibitors and antiangiogenic drugs, progress has fallen short of expectations. recently, a novel engineered oncolytic virus (ohsv2) that secretes dual-specific t-cell engagers (dstes) targeting the fibroblast activation protein (fap) was developed and combined with gpc3-targeting car-t cells and immunotoxins ...",,pending,
40817248,immunotherapy,predicted-tagged,preclinical-invivo,TRIM6 ablation reverses ICB resistance in MSS gastric cancer by unleashing cGAS-STING-dependent antitumor immunity.,2025,Journal of experimental & clinical cancer research : CR,Journal Article,immunotherapy,"**background**: gastric cancers are classified into four molecular subtypes according to the cancer genome atlas (tcga) classification: epstein-barr virus-positive (ebv-positive), microsatellite instability-high (msi-h), chromosomal instability (cin), and genomically stable (gs). unlike msi-h gastric cancer, gs and cin subtypes exhibit immunologically inert microenvironments and demonstrate minimal response to immune checkpoint blockade (icb), necessitating novel strategies to overcome immunothe...",,pending,
40943370,immunotherapy,predicted-tagged,preclinical-invivo,Enhancing Antitumor Efficacy of MUC1 mRNA Nano-Vaccine by CTLA-4 siRNA-Mediated Immune Checkpoint Modulation in Triple Negative Breast Cancer Mice Model.,2025,International journal of molecular sciences,Journal Article,immunotherapy | nanoparticle,"immunotherapy, particularly approaches that combine tumor-specific vaccines with immune checkpoint modulation, represents a promising strategy for overcoming tumor immune evasion. while most mrna-based cancer vaccines focus solely on antigen delivery, there is a need for platforms that simultaneously enhance antigen presentation and modulate the tumor microenvironment to increase therapeutic efficacy. this study presents a novel dual-nanolipid exosome (nle) platform that simultaneously delivers ...",,pending,
37370255,immunotherapy,predicted-untagged,,Neoantigens in cancer immunotherapy: quantity vs. quality.,2023,Molecular oncology,"Journal Article | Research Support, Non-U.S. Gov't",immunotherapy,"traditional immunotherapies provide clinical benefits to only a few patients with solid tumors, highlighting the urgent need for more effective approaches. traditional immunotherapies rely on the presentation of cancer antigens, with neoantigens being highly important in this context as they are specific to malignant tissue but not healthy tissue. the quantity of neoantigens is often associated with clinical benefit, but it cannot fully explain or predict patient response. in this viewpoint, we ...",,pending,
37655661,immunotherapy,predicted-untagged,,Linked CD4+/CD8+ T cell neoantigen vaccination overcomes immune checkpoint blockade resistance and enables tumor regression.,2023,The Journal of clinical investigation,"Journal Article | Research Support, N.I.H., Extramural",immunotherapy,"therapeutic benefit to immune checkpoint blockade (icb) is currently limited to the subset of cancers thought to possess a sufficient tumor mutational burden (tmb) to allow for the spontaneous recognition of neoantigens (neoag) by autologous t cells. we explored whether the response to icb of an aggressive low-tmb squamous cell tumor could be improved through combination immunotherapy using functionally defined neoag as targets for endogenous cd4+ and cd8+ t cells. we found that, whereas vaccina...",,pending,
38858600,immunotherapy,predicted-untagged,,Sphingomyelin-derived epacadostat nanovesicle enhances IDO1 inhibition for improved melanoma combination immunotherapy.,2024,Genes and immunity,Journal Article,immunotherapy,,,pending,
39210987,immunotherapy,predicted-untagged,,Advanced endometrial cancer-The next generation of treatment: A society of gynecologic oncology journal club clinical commentary.,2024,Gynecologic oncology reports,Journal Article,immunotherapy | synthetic-lethality,"in february of 2024, the society of gynecologic oncology (sgo) hosted a journal club focused on new treatment options for the management of advanced and metastatic endometrial cancer. this clinical commentary is intended to provide a summary report of that presentation. the session described the importance of molecular characterization shown in the work of the cancer genome atlas (tcga). the updated 2023 figo staging of endometrial cancer was reviewed. the panel then described the role of upfron...",,pending,
39435274,immunotherapy,predicted-untagged,,"Management Consensus Guidelines for Hepatocellular Carcinoma: 2023 Update on Surveillance, Diagnosis, Systemic Treatment, and Posttreatment Monitoring by the Taiwan Liver Cancer Association and the Gastroenterological Society of Taiwan.",2024,Liver cancer,Journal Article,immunotherapy,"hepatocellular carcinoma (hcc) is the leading cause of cancer-related mortality in taiwan. the taiwan liver cancer association and the gastroenterological society of taiwan established hcc management consensus guidelines in 2016 and updated them in 2023. current recommendations focus on addressing critical issues in hcc management, including surveillance, diagnosis, systemic treatment, and posttreatment monitoring. for surveillance and diagnosis, we updated the guidelines to include the role of ...",,pending,
39830952,immunotherapy,predicted-untagged,,The impact of KRAS mutations on the clinical outcome and immune response following immunotherapy for pancreatic cancer.,2024,Annals of pancreatic cancer,Journal Article,immunotherapy,"**background**: pancreatic ductal adenocarcinoma (pdac) is predicted to be the second leading cause of cancer-related death by 2030. this is driven by a high case-fatality rate with most patients even with radiologically localized pdac at diagnosis ultimately relapsing with metastatic disease. kras mutations present in 90% to 95% of pdac drive these poor statistics through its role in driving cellular growth, inhibition of apoptosis, and immunosuppression. the recent development of kras inhibito...",,pending,
40753395,immunotherapy,predicted-untagged,,Sensitive detection of minimal residual disease and immunotherapy targets by multi-modal bone marrow analysis in high-risk neuroblastoma - a multi-center study.,2025,Journal of experimental & clinical cancer research : CR,Journal Article | Multicenter Study,immunotherapy,"**background**: bone marrow dissemination of tumor cells, common in various cancers, including neuroblastoma, is associated with poor outcome, necessitating sensitive detection methods for bone marrow minimal residual disease (mrd) and offer detection of biomarkers for therapy stratification. current standard-of-care diagnostics, involving cytomorphological and histological assessment of bone marrow aspirates and trephine biopsies, lack sensitivity, leading to undetected mrd in many patients, an...",,pending,
41313664,immunotherapy,predicted-untagged,,Cytomegalovirus Infection After Chimeric Antigen Receptor T-Cell Therapy or Bispecific Antibody Treatment for Hematologic Malignancies.,2025,Transplant infectious disease : an official journal of the Transplantation Society,Journal Article,bispecific-antibody | car-t | immunotherapy,"**background**: limited data exists on the incidence of cmv infections after chimeric antigen receptor (car) t-cell or bispecific antibody (bsab) therapy for hematologic malignancies. **methods**: we reviewed medical records of patients with hematologic malignancies treated with car t-cells or bsabs between july 2018 and october 2024 in a tertiary hospital in seoul, south korea. cmv infections were detected using cmv dna qpcr assays performed within 180 days after car t-cell infusion or the last...",,pending,
41567187,immunotherapy,predicted-untagged,,Editorial: Unveiling the next generation of cancer immunity & immunotherapy.,2025,Frontiers in immunology,Editorial,immunotherapy,,,pending,
41660849,immunotherapy,predicted-untagged,,Integrative analysis of immune and microbial subtypes predicts immunotherapy response in stomach adenocarcinoma.,2026,Microbiology spectrum,Journal Article,immunotherapy,"the tumor immune microenvironment and intratumoral microbiota play critical roles in cancer progression and immunotherapy response, yet their integrated functions in stomach adenocarcinoma (stad) are not well understood. this study conducted a multi-omics analysis of transcriptomic and microbiome data from 348 patients with stad. using the immucellai algorithm, immune cell infiltration (ici) was estimated, and non-negative matrix factorization classified samples into three immune subtypes (inc-1...",,pending,
35890409,mRNA-vaccine,predicted-tagged,phase2-clinical,Development of a Personalized Tumor Neoantigen Based Vaccine Formulation (FRAME-001) for Use in a Phase II Trial for the Treatment of Advanced Non-Small Cell Lung Cancer.,2022,Pharmaceutics,Journal Article,immunotherapy | mRNA-vaccine,"stage iii-iv non-small cell lung cancer (nsclc) is a devastating disease characterized by a poor prognosis. nsclc tumors carry genetic mutations, which can lead to the expression of altered protein sequences. peptides originating from mutated proteins and bound to mhc molecules on the tumor cell surface are referred to as neoantigens, as they are tumor-specific and not expressed in normal cells. due to their tumor specificity, neoantigens have a strong potential to induce an anti-tumor immune re...",,pending,
36313716,mRNA-vaccine,predicted-tagged,preclinical-invivo,An OX40L mRNA vaccine inhibits the growth of hepatocellular carcinoma.,2022,Frontiers in oncology,Journal Article,immunotherapy | mRNA-vaccine | nanoparticle,"mrna cancer vaccines show therapeutic potential for malignant tumors, including hepatocellular carcinoma (hcc). we optimized and synthesized stable mrna encoding costimulator oxford 40 ligand (ox40l). for systemic delivery, ox40l mrnas were loaded into lipid nanoparticles (lnps). the expression and costimulatory effects of ox40l were investigated in vitro. ox40l was expressed on the cell surface and costimulated t cells. in vivo, intratumoral injection of lnps encapsulating ox40l mrnas significa...",,pending,
39380383,mRNA-vaccine,predicted-tagged,preclinical-invitro,Transformable Gel-to-Nanovaccine Enhances Cancer Immunotherapy via Metronomic-Like Immunomodulation and Collagen-Mediated Paracortex Delivery.,2024,"Advanced materials (Deerfield Beach, Fla.)","Journal Article | Research Support, Non-U.S. Gov't",immunotherapy | mRNA-vaccine | nanoparticle,"the generation of non-exhausted effector t-cells depends on vaccine's spatiotemporal profile, and untimely delivery and low targeting to lymph node (ln) paracortex by standard bolus immunization show limited efficacy. by recapitulating the dynamic processes of acute infection, a bioadhesive immune niche domain (bind) is developed that facilitates the delivery of timely-activating conjugated nanovaccine (t-cnv) in a metronomic-like manner and increased the accumulation and retention of tannylated...",,pending,
39403328,mRNA-vaccine,predicted-tagged,preclinical-invitro,Potential tumor-specific antigens and immune landscapes identification for mRNA vaccine in thyroid cancer.,2024,Frontiers in oncology,Journal Article,immunotherapy | mRNA-vaccine,"**background**: tumor mrna vaccines have been identified as a promising technology for cancer therapy in multiple cancer types, while their efficacy in thyroid cancer (thca) is unclear. immunotyping is strongly associated with the immune microenvironment and immune status in cancer, thus it is important in vaccination and therapeutic response. this study is to identify potential valuable antigens and novel immune subtypes of thca for immune landscape construction, thus screening patients suitabl...",,pending,
39910301,mRNA-vaccine,predicted-tagged,phase1-clinical,A neoantigen vaccine generates antitumour immunity in renal cell carcinoma.,2025,Nature,"Journal Article | Clinical Trial, Phase I",immunotherapy | mRNA-vaccine,"personalized cancer vaccines (pcvs) can generate circulating immune responses against predicted neoantigens1-6. however, whether such responses can target cancer driver mutations, lead to immune recognition of a patient's tumour and result in clinical activity are largely unknown. these questions are of particular interest for patients who have tumours with a low mutational burden. here we conducted a phase i trial (clinicaltrials.gov identifier nct02950766) to test a neoantigen-targeting pcv in...",,pending,
39972124,mRNA-vaccine,predicted-tagged,phase1-clinical,RNA neoantigen vaccines prime long-lived CD8+ T cells in pancreatic cancer.,2025,Nature,"Journal Article | Clinical Trial, Phase I",immunotherapy | mRNA-vaccine | nanoparticle,"a fundamental challenge for cancer vaccines is to generate long-lived functional t cells that are specific for tumour antigens. here we find that mrna-lipoplex vaccines against somatic mutation-derived neoantigens may solve this challenge in pancreatic ductal adenocarcinoma (pdac), a lethal cancer with few mutations. at an extended 3.2-year median follow-up from a phase 1 trial of surgery, atezolizumab (pd-l1 inhibitory antibody), autogene cevumeran1 (individualized neoantigen vaccine with backb...",,pending,
40519325,mRNA-vaccine,predicted-tagged,phase1-clinical,Preclinical toxicological assessment of an α-galactosylceramide-adjuvanted mRNA cancer vaccine in Wistar Han rats and domestic pigs.,2025,Molecular therapy. Methods & clinical development,Journal Article,mRNA-vaccine | nanoparticle,"galsome-neo is a glycolipid-adjuvanted mrna lipid nanoparticle (lnp) cancer vaccine encoding neo-epitopes for evaluation in a phase 1 study in patients with non-small cell lung cancer. to assess the safety of galsome-neo, a repeated-dose toxicity study was conducted in wistar han rats involving three intramuscular doses of 30 μg mrna. a dose-escalation study in piglets tested three doses of 3, 15, and 100 μg mrna. rats showed a pronounced pro-inflammatory response, evidenced by cytokine secretio...",,pending,
40700574,mRNA-vaccine,predicted-tagged,preclinical-invivo,A BCMA-mRNA vaccine is a promising therapeutic for multiple myeloma.,2025,Blood,Journal Article,mRNA-vaccine | nanoparticle,"cancer vaccines are emerging as promising therapies to not only prevent cancer but to treat cancer. here, we developed a therapeutic vaccine for multiple myeloma (mm) using b-cell maturation antigen (bcma) protein as a target. given the remarkable efficacy of covid-19 messenger rna (mrna) vaccines, we first packaged sequence- and base-optimized bcma mrna into lipid nanoparticles (lnps) using next-generation ionizable lipid, enhancing their accumulation in the spleen. a toll-like receptor 3 agoni...",,pending,
41088223,mRNA-vaccine,predicted-tagged,preclinical-invivo,Reversal of tumour immune evasion via enhanced MHC-Class-I antigen presentation by a dual-functional RNA regulated system.,2025,Molecular cancer,Journal Article,immunotherapy | mRNA-vaccine | nanoparticle,"**background**: motivating the immune system to target tumour cells plays an increasingly prominent role in the treatment of hepatocellular carcinoma (hcc), but challenges such as low overall response rates persist in current clinical practice. tumour cell mhc-class-i (mhc-i) downregulation and antigen loss are typical mechanisms of immune evasion. to this end, a dual-functional rna-based strategy was conceived for hcc immunotherapy. **methods**: mhc-i expression on hcc and paratumour tissues fr...",,pending,
41760870,mRNA-vaccine,predicted-tagged,preclinical-invivo,Structurally-optimised HPV16 E7/E6 mRNA-LPP mediates dose-sparing efficacy via tumour microenvironment reprogramming.,2026,Molecular biomedicine,Journal Article,mRNA-vaccine,"the development of therapeutic vaccines against human papillomavirus (hpv)-associated malignancies remains challenging due to the immunosuppressive tumour microenvironment and the limited efficacy of existing delivery platforms. in this study, we designed and systematically compared two mrna vaccine strategies based on a core-shell structured lipopolyplex (lpp) delivery system: a codon- and untranslated region-optimised non-replicating mrna (nr-mrna) and a self-amplifying mrna (sa-mrna). in the ...",,pending,
35265614,mRNA-vaccine,predicted-untagged,,Identification of Tumor Antigens and Immune Subtypes in Lung Adenocarcinoma for mRNA Vaccine Development.,2022,Frontiers in cell and developmental biology,Journal Article,immunotherapy | mRNA-vaccine,"cancer vaccines are emerging as a viable strategy for cancer treatment. in the current study, we screened for genes associated with the prognosis of patients with lung adenocarcinoma and positively correlated with antigen-presenting cell infiltration and identified klrg1 and cbfa2t3 as potential tumor antigens for mrna vaccines in lung adenocarcinoma (luad). further analyses of immune subtypes revealed that patients with early-stage luad, high immune cell infiltration, high immune checkpoint exp...",,pending,
35818395,mRNA-vaccine,predicted-untagged,,Identification of mRNA vaccines and conserved ferroptosis related immune landscape for individual precision treatment in bladder cancer.,2022,Journal of big data,Journal Article,immunotherapy | mRNA-vaccine,"**background**: the aim of this study was to identify the ferroptosis induced tumor microenvironment (feme) landscape in bladder cancer (bca) for mrna vaccine development and selecting suitable patients for precision treatment. **methods**: gene expression profiles and clinical information of 1216 bca patients were extracted from tcga-blca, three geo databases and imvigor210 cohort. we comprehensively established the feme landscape of 1216 bca samples based on 290 ferroptosis related genes (frgs...",,pending,
36245631,mRNA-vaccine,predicted-untagged,,Identification of tumor antigens and immune subtypes in lung squamous cell carcinoma for mRNA vaccine development.,2022,Journal of thoracic disease,Journal Article,mRNA-vaccine,"**background**: cancer vaccines are therapies that activate the patient's own immune system by inoculating the patient with cancer-specific antigens to identify and clear cancer cells. messenger ribonucleic acid (mrna) vaccines have received much attention because of their ease of synthesis, relative affordability, and long-term safety, but have not been studied in lung squamous cell carcinoma (lusc). thus, the identification of tumor antigens is necessary to facilitate the development of mrna v...",,pending,
36405755,mRNA-vaccine,predicted-untagged,,Identifying tumor antigens and immune subtypes of renal cell carcinoma for immunotherapy development.,2022,Frontiers in immunology,Journal Article,immunotherapy | mRNA-vaccine,"renal cell carcinoma (rcc) is one of the leading causes of death in men. messenger ribonucleic acid (mrna) vaccines may be an attractive means to achieve satisfactory results. cancer immunotherapy is a promising cancer treatment strategy. however, immunotherapy is not widely used in renal cell carcinoma, as only a few patients show a positive response. the present study aimed to identify potential antigens associated with renal cell carcinoma to develop an anti-renal cell carcinoma mrna vaccine....",,pending,
36671475,mRNA-vaccine,predicted-untagged,,Screening of Tumor Antigens and Construction of Immune Subtypes for mRNA Vaccine Development in Head and Neck Squamous Cell Carcinoma.,2022,Biomolecules,"Journal Article | Research Support, Non-U.S. Gov't",immunotherapy | mRNA-vaccine,"**background**: a growing number of clinical studies have confirmed that mrna vaccines are effective in the treatment of malignant tumors; however, their efficacy in head and neck squamous cell carcinoma (hnscc) has not been determined. this study aimed to identify the potential antigens of hnscc for mrna vaccine development and further distinguish the immune subtypes of hnscc to select suitable patients for vaccination. **methods**: we obtained gene expression profiles and corresponding clinica...",,pending,
37428918,mRNA-vaccine,predicted-untagged,,Comb-structured mRNA vaccine tethered with short double-stranded RNA adjuvants maximizes cellular immunity for cancer treatment.,2023,Proceedings of the National Academy of Sciences of the United States of America,"Journal Article | Research Support, Non-U.S. Gov't",mRNA-vaccine | nanoparticle,"integrating antigen-encoding mrna (messenger rna) and immunostimulatory adjuvant into a single formulation is a promising approach to potentiating the efficacy of mrna vaccines. here, we developed a scheme based on rna engineering to integrate adjuvancy directly into antigen-encoding mrna strands without hampering the ability to express antigen proteins. short double-stranded rna (dsrna) was designed to target retinoic acid-inducible gene-i (rig-i), an innate immune receptor, for effective cance...",,pending,
38514186,mRNA-vaccine,predicted-untagged,,Immunogenicity and effectiveness of an mRNA therapeutic vaccine for HPV-related malignancies.,2024,Life science alliance,Journal Article,mRNA-vaccine | nanoparticle,"human papillomavirus (hpv) infections account for several human cancers. there is an urgent need to develop therapeutic vaccines for targeting preexisting high-risk hpv (such as hpv 16 and 18) infections and lesions, which are insensitive to preventative vaccines. in this study, we developed a lipid nanoparticle-formulated mrna-based hpv therapeutic vaccine (mhtv), mhtv-02, targeting the e6/e7 of hpv16 and hpv-18. mhtv-02 dramatically induced antigen-specific cellular immune response and robust ...",,pending,
40432113,mRNA-vaccine,predicted-untagged,,Unlocking mRNA Vaccine Potential in Liver Cancer Treatment via Synergistic Bile Acid Modulation.,2025,Vaccines,Journal Article,immunotherapy | mRNA-vaccine,"this letter to the editor explores synergistic mechanisms enhancing mrna cancer vaccine efficacy through bile acid metabolism modulation in liver cancer treatment. the latest evidence indicates that bile acids significantly impair t cell function within the liver cancer microenvironment, creating an immunosuppressive milieu that hampers anti-tumor responses. modulating bile acid composition, particularly increasing ursodeoxycholic acid (udca), could reshape the tumor microenvironment (tme) to fa...",,pending,
41377431,mRNA-vaccine,predicted-untagged,,Messenger RNA vaccines as adjuncts to surgical oncology: a new era in neoplasm immunotherapy and precision medicine.,2025,Annals of medicine and surgery (2012),Letter,immunotherapy | mRNA-vaccine,"messenger rna (mrna) vaccines are emerging as powerful tools in oncology, extending their success from infectious diseases to cancer immunotherapy. globally, over 13.5 billion mrna vaccine doses have been administered, establishing a strong safety and adaptability record. in surgical oncology, where 25-40% of patients experience postoperative recurrence, mrna vaccines offer a new avenue for durable immune surveillance. personalized mrna vaccines encoding tumor-specific neoantigens have shown 44%...",,pending,
41662350,mRNA-vaccine,predicted-untagged,,Multi-seed searching algorithm for integrated codon optimization of mRNA stability and translational efficiency in vaccine design.,2026,Briefings in bioinformatics,Journal Article,immunotherapy | mRNA-vaccine,"messenger rna (mrna) vaccines have revolutionized vaccinology with their rapid development cycles and adaptability, yet their broad application is constrained by unresolved challenges in balancing mrna structural stability and translational efficiency. here, we introduce a groundbreaking multi-seed searching algorithm for mrna codon optimization, an innovative framework that synergistically co-optimizes minimum free energy and codon adaptation index through adaptive integration of simulated anne...",,pending,
25928327,electrochemical-therapy,predicted-tagged,preclinical-invivo,Preclinical Study of Locoregional Therapy of Hepatocellular Carcinoma by Bioelectric Ablation with Microsecond Pulsed Electric Fields (μsPEFs).,2015,Scientific reports,"Journal Article | Research Support, Non-U.S. Gov't",electrochemical-therapy,"unresectable hepatocellular carcinoma (hcc) needs locoregional ablation as a curative or downstage therapy. microsecond pulsed electric fields (μspefs) is an option. a xenograft tumor model was set up on 48 nude mice by injecting human hepatocellular carcinoma hep3b cells subcutaneously. the tumor-bearing mice were randomly divided into 3 groups: μspefs treated, sham and control group. μspefs group was treated by μspefs twice in 5 days. tumor volume, survival, pathology, mitochondria function an...",,pending,
27693939,electrochemical-therapy,predicted-tagged,preclinical-invivo,Irreversible electroporation inhibits pro-cancer inflammatory signaling in triple negative breast cancer cells.,2017,"Bioelectrochemistry (Amsterdam, Netherlands)",Journal Article,electrochemical-therapy,"low-level electric fields have been demonstrated to induce spatial re-distribution of cell membrane receptors when applied for minutes or hours. however, there is limited literature on the influence on cell signaling with short transient high-amplitude pulses typically used in irreversible electroporation (ire) for cancer treatment. moreover, literature on signaling pertaining to immune cell trafficking after ire is conflicting. we hypothesized that pulse parameters (field strength and exposure ...",,pending,
30071778,electrochemical-therapy,predicted-tagged,clinical-other,High-Frequency Irreversible Electroporation for Intracranial Meningioma: A Feasibility Study in a Spontaneous Canine Tumor Model.,2018,Technology in cancer research & treatment,"Journal Article | Research Support, Non-U.S. Gov't",electrochemical-therapy,"high-frequency irreversible electroporation is a nonthermal method of tissue ablation that uses bursts of 0.5- to 2.0-microsecond bipolar electric pulses to permeabilize cell membranes and induce cell death. high-frequency irreversible electroporation has potential advantages for use in neurosurgery, including the ability to deliver pulses without inducing muscle contraction, inherent selectivity against malignant cells, and the capability of simultaneously opening the blood-brain barrier surrou...",,pending,
30986263,electrochemical-therapy,predicted-tagged,clinical-other,"Prostate cancer treatment with Irreversible Electroporation (IRE): Safety, efficacy and clinical experience in 471 treatments.",2019,PloS one,Journal Article,electrochemical-therapy,**background**: irreversible electroporation (ire) is a novel image-guided tissue ablation technology that induces cell death via very short but strong pulsed electric fields. ire has been shown to have preserving properties towards vessels and nerves and the extracellular matrix. this makes ire an ideal candidate to treat prostate cancer (pca) where other treatment modalities frequently unselectively destroy surrounding structures inducing severe side effects like incontinence or impotence. we ...,,pending,
31581445,electrochemical-therapy,predicted-tagged,preclinical-invivo,Antitumor Efficacy of Liposome-Encapsulated NVP-BEZ235 Combined with Irreversible Electroporation for Head and Neck Cancer.,2019,"Molecules (Basel, Switzerland)",Comparative Study | Journal Article,electrochemical-therapy | nanoparticle,"irreversible electroporation (ire) kills tumor cells by the delivery of short pulses of strong electric fields. however, the field strength decreases with distance from the treatment center. when ire cannot eradicate the entire tumor mass, the surviving tumor cells can regrow. nvp-bez235 is a dual pi3k/mtor inhibitor that has been administered orally in clinical trials. however, its hydrophobicity and poor water solubility make nvp-bez235 difficult to deliver to target areas. to improve its phar...",,pending,
33114476,electrochemical-therapy,predicted-tagged,preclinical-invivo,Combination of Irreversible Electroporation and STING Agonist for Effective Cancer Immunotherapy.,2020,Cancers,Journal Article,electrochemical-therapy | immunotherapy,"recently, cancer immunotherapy has received attention as a viable solution for the treatment of refractory tumors. however, it still has clinical limitations in its treatment efficacy due to inter-patient tumor heterogeneity and immunosuppressive tumor microenvironment (tme). in this study, we demonstrated the triggering of anti-cancer immune responses by a combination of irreversible electroporation (ire) and a stimulator of interferon genes (sting) agonist. optimal electrical conditions induci...",,pending,
33396317,electrochemical-therapy,predicted-tagged,preclinical-invitro,Oxidative Effects during Irreversible Electroporation of Melanoma Cells-In Vitro Study.,2020,"Molecules (Basel, Switzerland)",Journal Article,electrochemical-therapy,"irreversible electroporation (ire) is today used as an alternative to surgery for the excision of cancer lesions. this study aimed to investigate the oxidative and cytotoxic effects the cells undergo during irreversible electroporation using ire protocols. to do so, we used ire-inducing pulsed electric fields (pefs) (eight pulses of 0.1 ms duration and 2-4 kv/cm intensity) and compared their effects to those of pefs of intensities below the electroporation threshold (eight pulses, 0.1 ms, 0.2-0....",,pending,
33882773,electrochemical-therapy,predicted-tagged,preclinical-invivo,Combinatorial effect of radium-223 and irreversible electroporation on prostate cancer bone metastasis in mice.,2021,"International journal of hyperthermia : the official journal of European Society for Hyperthermic Oncology, North American Hyperthermia Group","Journal Article | Research Support, N.I.H., Extramural | Research Support, Non-U.S. Gov't | Research Support, U.S. Gov't, Non-P.H.S.",electrochemical-therapy | radioligand-therapy,"**background**: metastatic prostate cancer in bone is difficult to treat as the tumor cells are relatively resistant to hormonal or chemotherapies when compared to primary prostate cancer. irreversible electroporation (ire) is a minimally invasive ablation procedure that has potential applications in the management of prostate cancer in bone. however, a common limitation of ire is tumor recurrence, which arises from incomplete ablation that allows remaining cancer cells to proliferate. in this s...",,pending,
39557959,electrochemical-therapy,predicted-tagged,preclinical-invitro,Tumor-derived extracellular vesicles disrupt the blood-brain barrier endothelium following high-frequency irreversible electroporation.,2024,Scientific reports,Journal Article,electrochemical-therapy | nanoparticle,"high-frequency irreversible electroporation (h-fire), a nonthermal brain tumor ablation therapeutic, generates a central tumor ablation zone while transiently disrupting the peritumoral blood-brain barrier (bbb). we hypothesized that bystander effects of h-fire tumor cell ablation, mediated by small tumor-derived extracellular vesicles (stdev), disrupt the bbb endothelium. monolayers of bend.3 cerebral endothelial cells were exposed to supernatants of h-fire or radiation (rt)-treated ll/2 and f9...",,pending,
41554743,electrochemical-therapy,predicted-tagged,preclinical-invitro,Disruption of iron homeostasis sensitizes pancreatic cancer to irreversible electroporation.,2026,Nature communications,Journal Article,electrochemical-therapy | nanoparticle | targeted-protein-degradation,"irreversible electroporation (ire) is an ablative treatment for pancreatic cancer. it utilizes high-intensity pulsed electric field (pef) to eliminate cancer cells by irreversibly disrupting cell membranes. however, pef intensity is distributed unevenly; and cancer cells may survive in regions where it falls below the threshold of complete ablation. we find that iron-base metal organic framework nanoparticles (mof-fe) sensitize pancreatic cancer cells to pef by inducing iron overload and ferropt...",,pending,
21878233,electrochemical-therapy,predicted-untagged,,Irreversible electroporation is a surgical ablation technique that enhances gene transfer.,2011,Surgery,Journal Article,electrochemical-therapy | immunotherapy,"**background**: reversible electroporation has long been used to transfer macromolecules into target cells in the laboratory by using an electric field to induce transient membrane permeability. recently, the electric field has been modulated to produce permanent membrane permeability and cell death. this novel technique, irreversible electroporation (ire), is being developed for nonthermal cancer ablation. we hypothesize that outside the central zone of ire exists a peripheral zone of reversibl...",,pending,
31780711,electrochemical-therapy,predicted-untagged,,Real-time prediction of patient immune cell modulation during irreversible electroporation therapy.,2019,Scientific reports,"Journal Article | Research Support, Non-U.S. Gov't",electrochemical-therapy | immunotherapy,"immunotherapies have demonstrated limited efficacy in pancreatic ductal adenocarcinoma (pdac) patients despite their success in treating other tumor types. this limitation is largely due to the relatively immunosuppressive environment surrounding the tumor. a focal ablative technique called irreversible electroporation (ire) has been shown to modulate this environment, enhancing the efficacy of immunotherapy. one enhancing factor related to improved prognosis is a decrease in regulatory t cells ...",,pending,
31956003,electrochemical-therapy,predicted-untagged,,High-Frequency Irreversible Electroporation for Treatment of Primary Liver Cancer: A Proof-of-Principle Study in Canine Hepatocellular Carcinoma.,2020,Journal of vascular and interventional radiology : JVIR,Journal Article,electrochemical-therapy,**purpose**: to determine the safety and feasibility of percutaneous high-frequency irreversible electroporation (hfire) for primary liver cancer and evaluate the hfire-induced local immune response. **materials and methods**: hfire therapy was delivered percutaneously in 3 canine patients with resectable hepatocellular carcinoma (hcc) in the absence of intraoperative paralytic agents or cardiac synchronization. pre- and post-hfire biopsy samples were processed with histopathology and immunohist...,,pending,
32167722,electrochemical-therapy,predicted-untagged,,Editorial Comment: Feasibility and safety of irreversible electroporation (IRE) in patients with small renal masses: Results of a prospective study.,2020,International braz j urol : official journal of the Brazilian Society of Urology,Editorial | Comment,electrochemical-therapy,,,pending,
33093457,electrochemical-therapy,predicted-untagged,,Irreversible electroporation plus allogenic Vγ9Vδ2 T cells enhances antitumor effect for locally advanced pancreatic cancer patients.,2020,Signal transduction and targeted therapy,"Journal Article | Randomized Controlled Trial | Research Support, Non-U.S. Gov't",electrochemical-therapy | immunotherapy,"immunotherapy has limited efficacy against locally advanced pancreatic cancer (lapc) due to the presence of an immunosuppressive microenvironment (ism). irreversible electroporation (ire) can not only induce immunogenic cell death, but also alleviate immunosuppression. this study aimed to investigate the antitumor efficacy of ire plus allogeneic γδ t cells in lapc patients. a total of 62 patients who met the eligibility criteria were enrolled in this trial, then randomized into two groups (a: n ...",,pending,
33763295,electrochemical-therapy,predicted-untagged,,The role of irreversible electroporation in promoting M1 macrophage polarization via regulating the HMGB1-RAGE-MAPK axis in pancreatic cancer.,2021,Oncoimmunology,"Journal Article | Research Support, Non-U.S. Gov't",electrochemical-therapy,"irreversible electroporation (ire) is an effective method for treating pancreatic ductal adenocarcinoma (pdac). it remains unclear whether ire can induce a specific immune response by stimulating macrophages. here, the associated markers of macrophages were analyzed after exposure to tumor culture supernatant (tsn) of tumor cells treated with electroporation. subcutaneous and orthotopic pdac models were also used to evaluate the effect of macrophage polarization induced by ire. aside from its di...",,pending,
34110490,electrochemical-therapy,predicted-untagged,,"3D mixed-reality visualization of medical imaging data as a supporting tool for innovative, minimally invasive surgery for gastrointestinal tumors and systemic treatment as a new path in personalized treatment of advanced cancer diseases.",2022,Journal of cancer research and clinical oncology,Journal Article,electrochemical-therapy | frequency-therapy,"**background**: the purpose of this study was to investigate the potential of a combination of 3d mixed-reality visualization of medical images using carnalife holo (medapp, poland) system as a supporting tool for innovative, minimally invasive surgery/irreversible electroporation-ira, nano-knife), microwave ablation (mwa)/for advanced gastrointestinal tumors. eight liver and pancreatic tumor treatments were performed. in all of the patients undergoing laparoscopy or open surgery volume and marg...",,pending,
36671876,electrochemical-therapy,predicted-untagged,,Enhanced Therapeutic Potential of Irreversible Electroporation under Combination with Gold-Doped Mesoporous Silica Nanoparticles against EMT-6 Breast Cancer Cells.,2022,Biosensors,Journal Article,electrochemical-therapy | nanoparticle,"irreversible electroporation (ire) is a non-thermal tumor ablation technique that delivers short pulses of strong electric fields to cancer tissues and induces cell death through the destruction of cell membranes. here, we synthesized gold-doped mesoporous silica nanoparticles (au-msns) via incipient wetness impregnation and evaluated the therapeutic potentials of combination therapy with ire. the fabricated au-msns had around 80-100 nm of particle size and were successfully end-doped with au na...",,pending,
37846332,electrochemical-therapy,predicted-untagged,,The effects of irreversible electroporation triggering anti-tumor immunity and the value of its combination with immunotherapy.,2023,Journal of interventional medicine,Journal Article,electrochemical-therapy | immunotherapy,"recently, interventional ablation techniques have gained prominence in tumor treatment guidelines and complement traditional approaches, such as surgery, chemotherapy, and radiotherapy. conventional ablation techniques, such as microwave, radiofrequency, and cryoablation, have been used; however, they have certain limitations, including the risk of damaging surrounding normal tissues and the heat sink effect caused by tumor blood flow.1 irreversible electroporation (ire), an ablation technology ...",,pending,
39610376,electrochemical-therapy,predicted-untagged,,Pembrolizumab followed by irreversible electroporation of a liver metastasis in pancreatic cancer patients.,2024,iScience,Journal Article,electrochemical-therapy | immunotherapy,"preclinical studies suggest that irreversible electroporation (ire) increases the effect of immune checkpoint inhibition in pancreatic cancer (pc). patients with pc received pd-1 inhibitor pembrolizumab and, on day 10, percutaneous ire of a liver metastasis. blood samples were analyzed for immune cell subsets and inflammation related proteins. mrna expression profiling was done in sequential biopsies. treatment was safe, but the trial was terminated early. the response rate in eight patients was...",,pending,
26010837,ttfields,predicted-tagged,preclinical-invitro,Tumor treating fields perturb the localization of septins and cause aberrant mitotic exit.,2015,PloS one,"Journal Article | Research Support, N.I.H., Extramural | Research Support, Non-U.S. Gov't",ttfields,"the anti-tumor effects of chemotherapy and radiation are thought to be mediated by triggering g1/s or g2/m cell cycle checkpoints, while spindle poisons, such as paclitaxel, block metaphase exit by initiating the spindle assembly checkpoint. in contrast, we have found that 150 kilohertz (khz) alternating electric fields, also known as tumor treating fields (ttfields), perturbed cells at the transition from metaphase to anaphase. cells exposed to the ttfields during mitosis showed normal progress...",,pending,
27339426,ttfields,predicted-tagged,preclinical-invivo,Electrical stimulation towards melanoma therapy via liquid metal printed electronics on skin.,2016,Clinical and translational medicine,Journal Article,ttfields,"**background**: we proposed a method of using electrical stimulation for treatment of malignant melanoma through directly spray-printing liquid metal on skin as soft electrodes to deliver low intensity, intermediate frequency electric fields. **methods**: with patterned conductive liquid metal components on mice skin and under assistance of a signal generator, a sine wave electrical power with voltage of 5 v and 300 khz could be administrated on treating malignant melanoma tumor. **findings**: t...",,pending,
28358361,ttfields,predicted-tagged,preclinical-invitro,Tumor-treating fields elicit a conditional vulnerability to ionizing radiation via the downregulation of BRCA1 signaling and reduced DNA double-strand break repair capacity in non-small cell lung cancer cell lines.,2017,Cell death & disease,"Journal Article | Research Support, Non-U.S. Gov't",ttfields,"the use of tumor-treating fields (ttfields) has revolutionized the treatment of recurrent and newly diagnosed glioblastoma (gbm). ttfields are low-intensity, intermediate frequency, alternating electric fields that are applied to tumor regions and cells using non-invasive arrays. the predominant mechanism by which ttfields are thought to kill tumor cells is the disruption of mitosis. using five non-small cell lung cancer (nsclc) cell lines we found that there is a variable response in cell proli...",,pending,
28849310,ttfields,predicted-tagged,phase3-clinical,"Health-related quality of life, cognitive screening, and functional status in a randomized phase III trial (EF-14) of tumor treating fields with temozolomide compared to temozolomide alone in newly diagnosed glioblastoma.",2017,Journal of neuro-oncology,"Clinical Trial, Phase III | Comparative Study | Journal Article | Randomized Controlled Trial",ttfields,"we characterized health-related quality of life (hrqol), cognitive, and functional status in newly diagnosed glioblastoma (gbm) patients receiving tumor treating fields (ttfields) with temozolomide (tmz) versus tmz alone in a planned interim analysis of a randomized phase iii trial [nct00916409], which showed significant improvement in progression-free and overall survival with ttfields/tmz. after radiotherapy with concomitant tmz, newly diagnosed gbm patients were randomized (2:1) to ttfields/t...",,pending,
29261637,ttfields,predicted-tagged,clinical-other,Amino Acid PET Imaging of the Early Metabolic Response During Tumor-Treating Fields (TTFields) Therapy in Recurrent Glioblastoma.,2018,Clinical nuclear medicine,Case Reports | Journal Article,ttfields,tumor-treating fields (ttfields) therapy is a relatively new treatment approach for malignant gliomas. we evaluated if amino acid pet can detect an objective metabolic response to ttfields therapy in recurrent glioblastomas. pet scanning with alpha[c-11]-methyl-l-tryptophan (amt) before and 2 to 3 months after the start of ttfields treatment showed an interval decrease of tryptophan uptake in the whole tumor (2 patients) or in a portion of the tumor (1 patient). these data demonstrate that ttfie...,,pending,
29284495,ttfields,predicted-tagged,phase3-clinical,Tumor treating fields (TTFields) delay DNA damage repair following radiation treatment of glioma cells.,2017,"Radiation oncology (London, England)",Journal Article,ttfields,**background**: tumor treating fields (ttfields) are an anti-neoplastic treatment modality delivered via application of alternating electric fields using insulated transducer arrays placed directly on the skin in the region surrounding the tumor. a phase 3 clinical trial has demonstrated the effectiveness of continuous ttfields application in patients with glioblastoma during maintenance treatment with temozolomide. the goal of this study was to evaluate the efficacy of combining ttfields with r...,,pending,
30506499,ttfields,predicted-tagged,phase3-clinical,Increased compliance with tumor treating fields therapy is prognostic for improved survival in the treatment of glioblastoma: a subgroup analysis of the EF-14 phase III trial.,2019,Journal of neuro-oncology,Journal Article,ttfields,"**background**: tumor treating fields (ttfields) is a non-invasive, antimitotic therapy. in the ef-14 phase 3 trial in newly diagnosed glioblastoma, ttfields plus temozolomide (ttfields/tmz) improved progression free (pfs) and overall survival (os) versus tmz alone. previous data indicate a ≥ 75% daily compliance improves outcomes. we analyzed compliance data from ttfields/tmz patients in the ef-14 study to correlate ttfields compliance with pfs and os and identify potential lower boundary for c...",,pending,
32666048,ttfields,predicted-tagged,phase3-clinical,Current usage of tumor treating fields for glioblastoma.,2020,Neuro-oncology advances,Journal Article,ttfields,"**background**: tumor treating fields (ttf) have entered clinical practice for newly diagnosed and recurrent glioblastoma (ggm). however, controversies remain unresolved with regard to appropriate usage. we sought to determine ttf usage in major academic neuro-oncology programs in new york city, usa and heidelberg, germany and understand current attitudes toward ttf usage among providers. **methods**: we retrospectively determined ttf usage among patients with ggm, before and since the publicati...",,pending,
36358594,ttfields,predicted-tagged,preclinical-invivo,Glioblastoma-Derived Three-Dimensional Ex Vivo Models to Evaluate Effects and Efficacy of Tumor Treating Fields (TTFields).,2022,Cancers,Journal Article,ttfields,"glioblastoma (gbm) displays a wide range of inter- and intra-tumoral heterogeneity contributing to therapeutic resistance and relapse. although tumor treating fields (ttfields) are effective for the treatment of gbm, there is a lack of ex vivo models to evaluate effects on patients' tumor biology or to screen patients for treatment efficacy. thus, we adapted patient-derived three-dimensional tissue culture models to be compatible with ttfields application to tissue culture. patient-derived prima...",,pending,
37213481,ttfields,predicted-tagged,theoretical,Computational Analysis of Tumor Treating Fields for Non-Small Cell Lung Cancer in Full Thoracic Models.,2023,Advances in radiation oncology,Journal Article,ttfields,"**purpose**: tumor treating fields (ttfields) are alternating electric fields at 150 to 200 khz that exert their anticancer effect by destroying tumor cells when they undergo mitosis. ttfields are currently being tested in patients with non-small cell lung cancer with advanced disease (nct02973789) and those with brain metastasis (nct02831959). however, the distribution of these fields within the thoracic compartment remains poorly understood. **methods and materials**: using positron emission t...",,pending,
25620708,ttfields,predicted-untagged,,Clinical benefit in recurrent glioblastoma from adjuvant NovoTTF-100A and TCCC after temozolomide and bevacizumab failure: a preliminary observation.,2015,Cancer medicine,"Journal Article | Research Support, Non-U.S. Gov't",ttfields,"the novottf-100a is a device that emits alternating electric fields and it is approved for the treatment of recurrent glioblastoma. it works by perturbing tumor cells during mitosis as they enter anaphase leading to aneuploidy, asymmetric chromosome segregation and cell death with evidence of increased immunogenicity. clinical trial data have shown equivalent efficacy when compared to salvage chemotherapies in recurrent disease. responders were found to have had a lower dexamethasone usage and a...",,pending,
29471879,ttfields,predicted-untagged,,Dosimetric impact of tumor treating field (TTField) transducer arrays onto treatment plans for glioblastomas - a planning study.,2018,"Radiation oncology (London, England)",Journal Article,ttfields,"**background**: tumor-treating fields (ttfields) are a novel treatment strategy for glioblastoma (gbm) that is approved for the use concomitantly to adjuvant chemotherapy. preclinical data suggest a synergistic interaction of ttfields and radiotherapy (rt). however, the dosimetric uncertainties caused by the highly dense arrays have led to caution of applying the ttf setup during rt. **methods**: in a rw3 slab phantom we compared the mv- and kv-ct based planned dose with the measured dose. vmat-...",,pending,
35426370,ttfields,predicted-untagged,,Tumor Treating Fields: killing two birds with one stone.,2022,The Journal of clinical investigation,Journal Article | Comment,ttfields,"given its aggressive natural history and immunosuppressive nature, glioblastoma (gbm) remains difficult to treat. tumor treating fields (ttfields) are a promising treatment for gbm patients, yet the entirety of their antitumor action has not been fully elucidated. in a recent issue of the jci, chen et al. explored the effect of ttfields in reinvigorating immune responses. by elegant step-by-step approaches, the authors demonstrated that ttfields promote the production of immune-stimulating proin...",,pending,
35821680,ttfields,predicted-untagged,,Molecular alterations associated with improved outcome in patients with glioblastoma treated with Tumor-Treating Fields.,2022,Neuro-oncology advances,Journal Article,ttfields,"**background**: the genomic and overall biologic landscape of glioblastoma (gb) has become clearer over the past 2 decades, as predictive and prognostic biomarkers of both de novo and transformed forms of gb have been identified. the oral chemotherapeutic agent temozolomide (tmz) has been integral to standard-of-care treatment for nearly 2 decades. more recently, the use of non-pharmacologic interventions, such as application of alternating electric fields, called tumor-treating fields (ttfields...",,pending,
36483066,ttfields,predicted-untagged,,Modulation of Tumor-Treating Fields by Cerebral Edema from Brain Tumors.,2023,Advances in radiation oncology,Journal Article,ttfields,"**purpose**: cerebral edema is an important component of brain metastasis, and its presence may alter the distribution of tumor-treating fields (ttfields). we therefore performed a computational study to model the extent of this alteration according to various edema conditions associated with the metastasis. **methods and materials**: postacquisition magnetic resonance imaging data sets were obtained from 2 patients with solitary brain metastases from non-small cell lung cancer. after delineatio...",,pending,
36741707,ttfields,predicted-untagged,,Eighteen years' experience with tumor treating fields in the treatment of newly diagnosed glioblastoma.,2022,Frontiers in oncology,Journal Article,ttfields,"**introduction**: the prognosis of glioblastoma remains unfavorable. ttfields utilize low intensity electric fields (frequency 150-300 khz) that disrupt cellular processes critical for cancer cell viability and tumor progression. ttfields are delivered via transducer arrays placed on the patients' scalp. methods: between the years 2004 and 2022, 55 patients (20 female), aged 21.9-77.8 years (mean age 47.3±11.8 years; median 47.6 years) were treated with ttfields for newly-diagnosed gbm, and comp...",,pending,
37335714,ttfields,predicted-untagged,,Characteristics and management of tumor treating fields-related dermatological complications in patients with glioblastoma.,2023,Medicine,Journal Article,ttfields,"tumor treating fields (ttfields) is a novel approved modality for the treatment of glioblastoma (gbm) exhibiting a satisfactory effect. although ttfields has shown considerable safety for the normal brain, dermatological adverse events (daes) often occur during therapy. however, studies focused on the identification and management of daes are rare. the clinical data and photos of skin lesions from 9 patients with gbm were retrospectively analyzed, and the types and grades of individual scalp der...",,pending,
40067514,ttfields,predicted-untagged,,Impact of alternating electric fields therapy for newly diagnosed WHO grade 4 astrocytoma on patient survival: a real-world propensity-score adjusted prospective multicenter study.,2025,Journal of neuro-oncology,Journal Article | Multicenter Study,ttfields,"**purpose**: alternating electric fields (aef) therapy in addition to temozolomide chemoradiotherapy (tmz crt) is increasingly being recommended as first-line treatment for patients with newly-diagnosed who grade 4 astrocytoma. however, few have validated this treatment with real-world evidence. **methods**: consecutive adult patients with newly-diagnosed who grade 4 astrocytoma treated with adjuvant tmz crt across all neuro-oncology centers in hong kong were reviewed. identified from a territor...",,pending,
40175974,ttfields,predicted-untagged,,Impact of transducer arrays on deep-seated dosimetry in radiotherapy with concurrent TTFields for glioblastoma (extreme analysis).,2025,BMC cancer,Journal Article,ttfields,"**objective**: to study the impact of transducer arrays on the deep-seated dosimetry of radiotherapy with concurrent tumor treating fields (ttfields) for glioblastoma. **methods**: firstly, the covering style of transducer arrays to cirs-038 phantom was designed to simulate the ""extreme situation"": four arrays were attached to the phantom as a style similar with that in clinical scene and, meanwhile, to assure that layer of interest of cirs-038 was surrounded by twelve electrodes (three in each ...",,pending,
40404987,ttfields,predicted-untagged,,Distant parenchymal recurrence during long-term use of TTFields treatment for glioblastoma.,2025,International journal of clinical oncology,Journal Article,ttfields,"**background**: tumor treating fields (ttfields) treatment has been an important option for the treatment of glioblastoma. the introduction of novel treatment options may lead to distinct recurrence patterns compared to those observed with conventional therapies; however, the specific recurrence pattern during ttfields treatment has not been elucidated. **methods and results**: here, we analyzed 39 cases of glioblastoma treated with ttfields. although a usage rate of more than 75% is recommended...",,pending,
30889466,synthetic-lethality,predicted-tagged,preclinical-invitro,Nitric oxide-donor/PARP-inhibitor combination: A new approach for sensitization to ionizing radiation.,2019,Redox biology,"Journal Article | Research Support, N.I.H., Extramural | Research Support, Non-U.S. Gov't",synthetic-lethality,"recently, clinical development of parp inhibitors (parpi) expanded from using them as a single agent to combining them with dna-damaging therapy to derive additional therapeutic benefit from stimulated dna damage. furthermore, inhibiting parp in cancers with brca1/2 mutations has been shown to be an effective synthetic lethality approach either as a single agent or in combination with the different dna damaging agents: chemotherapy or ionizing radiation (ir). however, inherited brca1/2 mutations...",,pending,
35715861,synthetic-lethality,predicted-tagged,preclinical-invivo,Combined inhibition of EZH2 and ATM is synthetic lethal in BRCA1-deficient breast cancer.,2022,Breast cancer research : BCR,"Journal Article | Research Support, Non-U.S. Gov't",synthetic-lethality,"**background**: the majority of brca1-mutant breast cancers are characterized by a triple-negative phenotype and a basal-like molecular subtype, associated with aggressive clinical behavior. current treatment options are limited, highlighting the need for the development of novel targeted therapies for this tumor subtype. **methods**: our group previously showed that ezh2 is functionally relevant in brca1-deficient breast tumors and blocking ezh2 enzymatic activity could be a potent treatment st...",,pending,
36865165,synthetic-lethality,predicted-tagged,preclinical-invivo,Combinatory EHMT and PARP inhibition induces an interferon response and a CD8 T cell-dependent tumor regression in PARP inhibitor-resistant models.,2023,bioRxiv : the preprint server for biology,Preprint | Journal Article,epigenetic | synthetic-lethality,"euchromatic histone lysine methyltransferases 1 and 2 (ehmt1/2), which catalyze demethylation of histone h3 lysine 9 (h3k9me2), contribute to tumorigenesis and therapy resistance through unknown mechanisms of action. in ovarian cancer, ehmt1/2 and h3k9me2 are directly linked to acquired resistance to poly-adp-ribose polymerase (parp) inhibitors and are correlated with poor clinical outcomes. using a combination of experimental and bioinformatic analyses in several parp inhibitor resistant ovaria...",,pending,
38036782,synthetic-lethality,predicted-tagged,phase1-clinical,The chemotherapeutic drug CX-5461 is a potent mutagen in cultured human cells.,2024,Nature genetics,Journal Article,synthetic-lethality,"the chemotherapeutic agent cx-5461, or pidnarulex, has been fast-tracked by the united states food and drug administration for early-stage clinical studies of brca1-, brca2- and palb2-mutated cancers. it is under investigation in phase i and ii trials. here, we find that, although cx-5461 exhibits synthetic lethality in brca1-/brca2-deficient cells, it also causes extensive, nonselective, collateral mutagenesis in all three cell lines tested, to magnitudes that exceed known environmental carcino...",,pending,
38043609,synthetic-lethality,predicted-tagged,preclinical-invivo,An interpretable artificial intelligence framework for designing synthetic lethality-based anti-cancer combination therapies.,2024,Journal of advanced research,Journal Article,synthetic-lethality,"**introduction**: synthetic lethality (sl) provides an opportunity to leverage different genetic interactions when designing synergistic combination therapies. to further explore sl-based combination therapies for cancer treatment, it is important to identify and mechanistically characterize more sl interactions. artificial intelligence (ai) methods have recently been proposed for sl prediction, but the results of these models are often not interpretable such that deriving the underlying mechani...",,pending,
38330461,synthetic-lethality,predicted-tagged,clinical-other,Methylthioadenosine Phosphorylase Genomic Loss in Advanced Gastrointestinal Cancers.,2024,The oncologist,Journal Article,immunotherapy | synthetic-lethality,"**background**: one of the most common sporadic homozygous deletions in cancers is 9p21 loss, which includes the genes methylthioadenosine phosphorylase (mtap), cdkn2a, and cdkn2b, and has been correlated with worsened outcomes and immunotherapy resistance. mtap-loss is a developing drug target through synthetic lethality with mat2a and pmrt5 inhibitors. the purpose of this study is to investigate the prevalence and genomic landscape of mtap-loss in advanced gastrointestinal (gi) tumors and inve...",,pending,
38630886,synthetic-lethality,predicted-tagged,preclinical-invivo,"LP-184, a Novel Acylfulvene Molecule, Exhibits Anticancer Activity against Diverse Solid Tumors with Homologous Recombination Deficiency.",2024,Cancer research communications,"Journal Article | Research Support, N.I.H., Extramural | Research Support, Non-U.S. Gov't",synthetic-lethality,"**unlabelled**: homologous recombination (hr)-related gene alterations are present in a significant subset of prostate, breast, ovarian, pancreatic, lung, and colon cancers rendering these tumors as potential responders to specific dna damaging agents. a small molecule acylfulvene prodrug, lp-184, metabolizes to an active compound by the oxidoreductase activity of enzyme prostaglandin reductase 1 (ptgr1), which is frequently elevated in multiple solid tumor types. prior work demonstrated that ca...",,pending,
39305483,synthetic-lethality,predicted-tagged,preclinical-invitro,Multivariate analysis of metabolic state vulnerabilities across diverse cancer contexts reveals synthetically lethal associations.,2024,Cell reports,Journal Article,metabolic-targeting | synthetic-lethality,"targeting the distinct metabolic needs of tumor cells has recently emerged as a promising strategy for cancer therapy. the heterogeneous, context-dependent nature of cancer cell metabolism, however, poses challenges to identifying effective therapeutic interventions. here, we utilize various unsupervised and supervised multivariate modeling approaches to systematically pinpoint recurrent metabolic states within hundreds of cancer cell lines, elucidate their association with tumor lineage and gro...",,pending,
40038300,synthetic-lethality,predicted-tagged,preclinical-invivo,Inhibition of the STAT3/Fanconi anemia axis is synthetic lethal with PARP inhibition in breast cancer.,2025,Nature communications,Journal Article,synthetic-lethality,"the targeting of cancer stem cells (cscs) has proven to be an effective approach for limiting tumor progression, thus necessitating the identification of new drugs with anti-csc activity. through a high-throughput drug repositioning screen, we identify the antibiotic nifuroxazide (nif) as a potent anti-csc compound. utilizing a click chemistry strategy, we demonstrate that nif is a prodrug that is specifically bioactivated in breast cscs. mechanistically, nif-induced csc death is a result of a s...",,pending,
40308947,synthetic-lethality,predicted-tagged,preclinical-invitro,Synergistic enhancement of PARP inhibition via small molecule UNI66-mediated suppression of BRD4-dependent transcription of RAD51 and CtIP.,2025,NAR cancer,Journal Article,synthetic-lethality,"targeted therapy leveraging synthetic lethality in homologous recombination (hr)-defective tumors, particularly in brca-mutated tumors through poly(adp-ribose) polymerase (parp)-dependent repair inhibition, has shown success. however, the challenge lies in the ability of the tumors to reactivate hr via diverse mechanisms, leading to resistance against parp-dependent repair inhibition. addressing this issue, the down-regulation of hr activity has been explored as a potential strategy to overcome ...",,pending,
30101194,synthetic-lethality,predicted-untagged,,Tousled-like kinases stabilize replication forks and show synthetic lethality with checkpoint and PARP inhibitors.,2018,Science advances,"Journal Article | Research Support, Non-U.S. Gov't",synthetic-lethality,"dna sequence and epigenetic information embedded in chromatin must be faithfully duplicated and transmitted to daughter cells during cell division. however, how chromatin assembly and dna replication are integrated remains unclear. we examined the contribution of the tousled-like kinases 1 and 2 (tlk1/tlk2) to chromatin assembly and maintenance of replication fork integrity. we show that tlk activity is required for dna replication and replication-coupled nucleosome assembly and that lack of tlk...",,pending,
33167404,synthetic-lethality,predicted-untagged,,"PARP Inhibitor Olaparib Causes No Potentiation of the Bleomycin Effect in VERO Cells, Even in the Presence of Pooled ATM, DNA-PK, and LigIV Inhibitors.",2020,International journal of molecular sciences,Journal Article,synthetic-lethality,"poly(adp-ribosyl)polymerase (parp) synthesizes poly(adp-ribose) (par), which is anchored to proteins. par facilitates multiprotein complexes' assembly. nuclear par affects chromatin's structure and functions, including transcriptional regulation. in response to stress, particularly genotoxic stress, parp activation facilitates dna damage repair. the parp inhibitor olaparib (ola) displays synthetic lethality with mutated homologous recombination proteins (brca-1/2), base excision repair proteins ...",,pending,
34469736,synthetic-lethality,predicted-untagged,,Discovery of synthetic lethal and tumor suppressor paralog pairs in the human genome.,2021,Cell reports,"Journal Article | Research Support, N.I.H., Extramural | Research Support, Non-U.S. Gov't | Research Support, U.S. Gov't, Non-P.H.S.",crispr | synthetic-lethality,"crispr screens have accelerated the discovery of important cancer vulnerabilities. however, single-gene knockout phenotypes can be masked by redundancy among related genes. paralogs constitute two-thirds of the human protein-coding genome, so existing methods are likely inadequate for assaying a large portion of gene function. here, we develop paired guide rnas for paralog genetic interaction mapping (pgpen), a pooled crispr-cas9 single- and double-knockout approach targeting more than 2,000 hum...",,pending,
35921524,synthetic-lethality,predicted-untagged,,"Identification of a Molecularly-Defined Subset of Breast and Ovarian Cancer Models that Respond to WEE1 or ATR Inhibition, Overcoming PARP Inhibitor Resistance.",2022,Clinical cancer research : an official journal of the American Association for Cancer Research,"Journal Article | Research Support, Non-U.S. Gov't | Research Support, N.I.H., Extramural",synthetic-lethality,"**purpose**: parp inhibitors (parpi) induce synthetic lethality in homologous recombination repair (hrr)-deficient tumors and are used to treat breast, ovarian, pancreatic, and prostate cancers. multiple parpi resistance mechanisms exist, most resulting in restoration of hrr and protection of stalled replication forks. atr inhibition was highlighted as a unique approach to reverse both aspects of resistance. recently, however, a parpi/wee1 inhibitor (wee1i) combination demonstrated enhanced anti...",,pending,
36180906,synthetic-lethality,predicted-untagged,,A genetic map of the chromatin regulators to drug response in cancer cells.,2022,Journal of translational medicine,"Journal Article | Research Support, Non-U.S. Gov't",crispr | epigenetic | synthetic-lethality,"**background**: diverse drug vulnerabilities owing to the chromatin regulators (crs) genetic interaction across various cancers, but the identification of crs genetic interaction remains challenging. **methods**: in order to provide a global view of the crs genetic interaction in cancer cells, we developed a method to identify potential drug response-related crs genetic interactions for specific cancer types by integrating the screen of crispr-cas9 and pharmacogenomic response datasets. **result...",,pending,
37105990,synthetic-lethality,predicted-untagged,,Pathway choice in the alternative telomere lengthening in neoplasia is dictated by replication fork processing mediated by EXD2's nuclease activity.,2023,Nature communications,"Journal Article | Research Support, Non-U.S. Gov't",synthetic-lethality,"telomerase-independent cancer proliferation via the alternative lengthening of telomeres (alt) relies upon two distinct, largely uncharacterized, break-induced-replication (bir) processes. how cancer cells initiate and regulate these terminal repair mechanisms is unknown. here, we establish that the exd2 nuclease is recruited to alt telomeres to direct their maintenance. we demonstrate that exd2 loss leads to telomere shortening, elevated telomeric sister chromatid exchanges, c-circle formation ...",,pending,
38509368,synthetic-lethality,predicted-untagged,,Transcription-replication conflicts underlie sensitivity to PARP inhibitors.,2024,Nature,Journal Article,synthetic-lethality,"an important advance in cancer therapy has been the development of poly(adp-ribose) polymerase (parp) inhibitors for the treatment of homologous recombination (hr)-deficient cancers1-6. parp inhibitors trap parps on dna. the trapped parps are thought to block replisome progression, leading to formation of dna double-strand breaks that require hr for repair7. here we show that parp1 functions together with timeless and tipin to protect the replisome in early s phase from transcription-replication...",,pending,
40033056,synthetic-lethality,predicted-untagged,,The transcriptomic architecture of common cancers reflects synthetic lethal interactions.,2025,Nature genetics,Journal Article,synthetic-lethality,"to maintain cell fitness, deleterious genetic alterations are buffered by compensatory changes in additional genes. in cancer, buffering processes could be targeted by synthetic lethality. however, despite the large-scale identification of synthetic lethal effects in preclinical models, evidence that these operate clinically is limited. this impedes the application of synthetic lethal approaches. by integrating molecular profiling data from >9,000 cancers with synthetic lethal screens, we show t...",,pending,
40091075,synthetic-lethality,predicted-untagged,,Investigating synthetic lethality and PARP inhibitor resistance in pancreatic cancer through enantiomer differential activity.,2025,Cell death discovery,Journal Article,synthetic-lethality,"the rad51-brca2 interaction is central to dna repair through homologous recombination. emerging evidence indicates rad51 overexpression and its correlation with chemoresistance in various cancers, suggesting rad51-brca2 inhibition as a compelling avenue for intervention. we previously showed that combining olaparib (a parp inhibitor (parpi)) with rs-35d (a brca2-rad51 inhibitor) was efficient in killing pancreatic ductal adenocarcinoma (pdac) cells. however, rs-35d impaired cell viability even w...",,pending,
41112293,synthetic-lethality,predicted-untagged,,Integrative multidimensional analysis of age-associated synthetic lethal genes and development of a prognostic model in breast cancer.,2025,Frontiers in immunology,Journal Article,synthetic-lethality,"**background**: breast cancer (brca) is the most common malignancy and leading cause of mortality among women, with rising incidence in younger patients. although treatments have advanced, outcomes for advanced brca remain poor. synthetic lethality (sl) offers promise in precision oncology, but resistance limits its benefit. **methods**: we integrated tcga-brca and geo datasets with sl gene sets to identify candidate genes. differential expression analysis and wgcna were performed, with key modu...",,pending,
